{
    "valuts": [
        "USD",
        "EUR",
        "UAH"
    ],
    "cateqory": [
        "Дом",
        "Доп",
        "Работа"
    ],
    "transactions": [
        {
            "_id": 2,
            "sum": 1000,
            "cateqory": "Дом",
            "valut": "USD",
            "description": "asd asd asda",
            "date": "2022-09-06"
        },
        {
            "_id": 3,
            "sum": 1000,
            "cateqory": "Дом",
            "valut": "UAH",
            "description": "asd asd asda",
            "date": "2022-09-06"
        },
        {
            "_id": 4,
            "sum": 1000,
            "cateqory": "Дом",
            "valut": "USD",
            "description": "asd asd asda",
            "date": "2022-09-06"
        },
        {
            "_id": 5,
            "sum": -1000,
            "cateqory": "Дом",
            "valut": "USD",
            "description": "asd asd asda",
            "date": "2022-09-06"
        },
        {
            "_id": 6,
            "sum": 2000,
            "cateqory": "Работа",
            "valut": "EUR",
            "description": "asdasd asdasd",
            "date": "2022-08-06"
        },
        {
            "_id": 7,
            "sum": 5000,
            "cateqory": "Доп",
            "valut": "USD",
            "description": "asdasd asdasd",
            "date": "2021-08-06"
        }
    ],
    "workers" : [
        {
            "_id": 2,
            "sum": 200,
            "name": "alex",
            "valut": "USD",
            "description": "asd asd asda",
            "date": "2022-09-06"
        },
        {
            "_id": 3,
            "sum": 300,
            "name": "rob",
            "valut": "USD",
            "description": "asd asd asda",
            "date": "2022-09-06"
        },
        {
            "_id": 4,
            "sum": 400,
            "name": "Дом",
            "valut": "USD",
            "description": "asd asd asda",
            "date": "2022-09-06"
        },
        {
            "_id": 5,
            "sum": 300,
            "name": "Дом",
            "valut": "USD",
            "description": "asd asd asda",
            "date": "2022-09-06"
        }
    ],
  
    "typeSalary" : [
        "200 - 450", "500 - 2000" , "100 - 200"
    ]
}